unit,number,text,audio
unit1,1,笔记本,audio/unit1/001.mp3
unit1,2,不,audio/unit1/002.mp3
unit1,3,炒饭,audio/unit1/003.mp3
unit1,4,吃,audio/unit1/004.mp3
unit1,5,邓丽君,audio/unit1/005.mp3
unit1,6,东京,audio/unit1/006.mp3
unit1,7,汉语,audio/unit1/007.mp3
unit1,8,喝,audio/unit1/008.mp3
unit1,9,红茶,audio/unit1/009.mp3
unit1,10,饺子,audio/unit1/010.mp3
unit1,11,咖啡,audio/unit1/011.mp3
unit1,12,开车,audio/unit1/012.mp3
unit1,13,可乐,audio/unit1/013.mp3
unit1,14,课文,audio/unit1/014.mp3
unit1,15,拉面,audio/unit1/015.mp3
unit1,16,老师,audio/unit1/016.mp3
unit1,17,练习,audio/unit1/017.mp3
unit1,18,铃木,audio/unit1/018.mp3
unit1,19,刘文正,audio/unit1/019.mp3
unit1,20,吗,audio/unit1/020.mp3
unit1,21,们,audio/unit1/021.mp3
unit1,22,你们,audio/unit1/022.mp3
unit1,23,您,audio/unit1/023.mp3
unit1,24,牛奶,audio/unit1/024.mp3
unit1,25,啤酒,audio/unit1/025.mp3
unit1,26,普通话,audio/unit1/026.mp3
unit1,27,汽水,audio/unit1/027.mp3
unit1,28,去,audio/unit1/028.mp3
unit1,29,日语,audio/unit1/029.mp3
unit1,30,生词,audio/unit1/030.mp3
unit1,31,食堂,audio/unit1/031.mp3
unit1,32,说,audio/unit1/032.mp3
unit1,33,酸奶,audio/unit1/033.mp3
unit1,34,他,audio/unit1/034.mp3
unit1,35,她,audio/unit1/035.mp3
unit1,36,太极拳,audio/unit1/036.mp3
unit1,37,他们,audio/unit1/037.mp3
unit1,38,她们,audio/unit1/038.mp3
unit1,39,它们,audio/unit1/039.mp3
unit1,40,汤,audio/unit1/040.mp3
unit1,41,汤姆,audio/unit1/041.mp3
unit1,42,图书馆,audio/unit1/042.mp3
unit1,43,我,audio/unit1/043.mp3
unit1,44,我们,audio/unit1/044.mp3
unit1,45,学,audio/unit1/045.mp3
unit1,46,要,audio/unit1/046.mp3
unit1,47,英语,audio/unit1/047.mp3
unit1,48,饮料,audio/unit1/048.mp3
unit1,49,佐藤,audio/unit1/049.mp3
unit1,50,爸爸,audio/unit1/050.mp3
unit1,51,大家,audio/unit1/051.mp3
unit1,52,大熊猫,audio/unit1/052.mp3
unit1,53,大学,audio/unit1/053.mp3
unit1,54,的,audio/unit1/054.mp3
unit1,55,多,audio/unit1/055.mp3
unit1,56,高兴,audio/unit1/056.mp3
unit1,57,狗,audio/unit1/057.mp3
unit1,58,贵姓,audio/unit1/058.mp3
unit1,59,好,audio/unit1/059.mp3
unit1,60,很,audio/unit1/060.mp3
unit1,61,华生,audio/unit1/061.mp3
unit1,62,家,audio/unit1/062.mp3
unit1,63,叫,audio/unit1/063.mp3
unit1,64,课本,audio/unit1/064.mp3
unit1,65,李小龙,audio/unit1/065.mp3
unit1,66,猫,audio/unit1/066.mp3
unit1,67,毛毛,audio/unit1/067.mp3
unit1,68,咪咪,audio/unit1/068.mp3
unit1,69,名字,audio/unit1/069.mp3
unit1,70,那,audio/unit1/070.mp3
unit1,71,你好,audio/unit1/071.mp3
unit1,72,朋友,audio/unit1/072.mp3
unit1,73,请,audio/unit1/073.mp3
unit1,74,人工智能,audio/unit1/074.mp3
unit1,75,认识,audio/unit1/075.mp3
unit1,76,日本,audio/unit1/076.mp3
unit1,77,日本人,audio/unit1/077.mp3
unit1,78,什么,audio/unit1/078.mp3
unit1,79,是,audio/unit1/079.mp3
unit1,80,书,audio/unit1/080.mp3
unit1,81,书包,audio/unit1/081.mp3
unit1,82,同学,audio/unit1/082.mp3
unit1,83,香香,audio/unit1/083.mp3
unit1,84,姓,audio/unit1/084.mp3
unit1,85,学生,audio/unit1/085.mp3
unit1,86,优子,audio/unit1/086.mp3
unit1,87,这,audio/unit1/087.mp3
unit1,88,指教,audio/unit1/088.mp3
unit1,89,中国,audio/unit1/089.mp3
unit1,90,中国人,audio/unit1/090.mp3
unit1,91,报纸,audio/unit1/091.mp3
unit1,92,笔,audio/unit1/092.mp3
unit1,93,词典,audio/unit1/093.mp3
unit1,94,德语,audio/unit1/094.mp3
unit1,95,电子词典,audio/unit1/095.mp3
unit1,96,豆浆,audio/unit1/096.mp3
unit1,97,俄语,audio/unit1/097.mp3
unit1,98,法语,audio/unit1/098.mp3
unit1,99,韩语,audio/unit1/099.mp3
unit1,100,汉英词典,audio/unit1/100.mp3
unit1,101,李英,audio/unit1/101.mp3
unit1,102,留学生,audio/unit1/102.mp3
unit1,103,呢,audio/unit1/103.mp3
unit1,104,噢,audio/unit1/104.mp3
unit1,105,谁,audio/unit1/105.mp3
unit1,106,手机,audio/unit1/106.mp3
unit1,107,小林,audio/unit1/107.mp3
unit1,108,西班牙语,audio/unit1/108.mp3
unit1,109,谢谢,audio/unit1/109.mp3
unit1,110,眼镜,audio/unit1/110.mp3
unit1,111,噫,audio/unit1/111.mp3
unit1,112,啊,audio/unit1/112.mp3
unit1,113,啊,audio/unit1/113.mp3
unit1,114,白,audio/unit1/114.mp3
unit1,115,蹦蹦跳跳,audio/unit1/115.mp3
unit1,116,长,audio/unit1/116.mp3
unit1,117,胆子,audio/unit1/117.mp3
unit1,118,短,audio/unit1/118.mp3
unit1,119,耳朵,audio/unit1/119.mp3
unit1,120,发音,audio/unit1/120.mp3
unit1,121,非常,audio/unit1/121.mp3
unit1,122,工作,audio/unit1/122.mp3
unit1,123,还,audio/unit1/123.mp3
unit1,124,好,audio/unit1/124.mp3
unit1,125,红,audio/unit1/125.mp3
unit1,126,见,audio/unit1/126.mp3
unit1,127,家务,audio/unit1/127.mp3
unit1,128,今天,audio/unit1/128.mp3
unit1,129,久,audio/unit1/129.mp3
unit1,130,可以,audio/unit1/130.mp3
unit1,131,了,audio/unit1/131.mp3
unit1,132,凉快,audio/unit1/132.mp3
unit1,133,忙,audio/unit1/133.mp3
unit1,134,毛衫,audio/unit1/134.mp3
unit1,135,难,audio/unit1/135.mp3
unit1,136,暖和,audio/unit1/136.mp3
unit1,137,热,audio/unit1/137.mp3
unit1,138,人,audio/unit1/138.mp3
unit1,139,太,audio/unit1/139.mp3
unit1,140,天气,audio/unit1/140.mp3
unit1,141,田中,audio/unit1/141.mp3
unit1,142,尾巴,audio/unit1/142.mp3
unit1,143,小,audio/unit1/143.mp3
unit1,144,喜欢,audio/unit1/144.mp3
unit1,145,学习,audio/unit1/145.mp3
unit1,146,眼睛,audio/unit1/146.mp3
unit1,147,也,audio/unit1/147.mp3
unit1,148,有意思,audio/unit1/148.mp3
unit1,149,语法,audio/unit1/149.mp3
unit1,150,怎么样,audio/unit1/150.mp3
unit1,151,最近,audio/unit1/151.mp3
unit2,1,弟弟,audio/unit2/001.mp3
unit2,2,都,audio/unit2/002.mp3
unit2,3,多大,audio/unit2/003.mp3
unit2,4,儿子,audio/unit2/004.mp3
unit2,5,个,audio/unit2/005.mp3
unit2,6,哥哥,audio/unit2/006.mp3
unit2,7,孩子,audio/unit2/007.mp3
unit2,8,和,audio/unit2/008.mp3
unit2,9,几,audio/unit2/009.mp3
unit2,10,姐姐,audio/unit2/010.mp3
unit2,11,今年,audio/unit2/011.mp3
unit2,12,可爱,audio/unit2/012.mp3
unit2,13,口,audio/unit2/013.mp3
unit2,14,妈妈,audio/unit2/014.mp3
unit2,15,没,audio/unit2/015.mp3
unit2,16,妹妹,audio/unit2/016.mp3
unit2,17,摩托车,audio/unit2/017.mp3
unit2,18,汽车,audio/unit2/018.mp3
unit2,19,岁,audio/unit2/019.mp3
unit2,20,岁数,audio/unit2/020.mp3
unit2,21,相机,audio/unit2/021.mp3
unit2,22,兄弟姐妹,audio/unit2/022.mp3
unit2,23,爷爷,audio/unit2/023.mp3
unit2,24,有,audio/unit2/024.mp3
unit2,25,赵朋,audio/unit2/025.mp3
unit2,26,真,audio/unit2/026.mp3
unit2,27,侄子,audio/unit2/027.mp3
unit2,28,自行车,audio/unit2/028.mp3
unit2,29,不错,audio/unit2/029.mp3
unit2,30,唱,audio/unit2/030.mp3
unit2,31,重阳节,audio/unit2/031.mp3
unit2,32,春节,audio/unit2/032.mp3
unit2,33,打,audio/unit2/033.mp3
unit2,34,端午节,audio/unit2/034.mp3
unit2,35,对,audio/unit2/035.mp3
unit2,36,儿童节,audio/unit2/036.mp3
unit2,37,饭,audio/unit2/037.mp3
unit2,38,歌,audio/unit2/038.mp3
unit2,39,国庆节,audio/unit2/039.mp3
unit2,40,号,audio/unit2/040.mp3
unit2,41,KTV,audio/unit2/041.mp3
unit2,42,开,audio/unit2/042.mp3
unit2,43,课,audio/unit2/043.mp3
unit2,44,聊天,audio/unit2/044.mp3
unit2,45,明年,audio/unit2/045.mp3
unit2,46,明天,audio/unit2/046.mp3
unit2,47,那,audio/unit2/047.mp3
unit2,48,哪一天,audio/unit2/048.mp3
unit2,49,派对,audio/unit2/049.mp3
unit2,50,排球,audio/unit2/050.mp3
unit2,51,清明节,audio/unit2/051.mp3
unit2,52,情人节,audio/unit2/052.mp3
unit2,53,上,audio/unit2/053.mp3
unit2,54,上,audio/unit2/054.mp3
unit2,55,上学,audio/unit2/055.mp3
unit2,56,圣诞节,audio/unit2/056.mp3
unit2,57,生日,audio/unit2/057.mp3
unit2,58,体育馆,audio/unit2/058.mp3
unit2,59,下,audio/unit2/059.mp3
unit2,60,星期,audio/unit2/060.mp3
unit2,61,邀请,audio/unit2/061.mp3
unit2,62,一起,audio/unit2/062.mp3
unit2,63,元旦,audio/unit2/063.mp3
unit2,64,月,audio/unit2/064.mp3
unit2,65,中秋节,audio/unit2/065.mp3
unit2,66,北海道,audio/unit2/066.mp3
unit2,67,本,audio/unit2/067.mp3
unit2,68,餐厅,audio/unit2/068.mp3
unit2,69,抽屉,audio/unit2/069.mp3
unit2,70,大通,audio/unit2/070.mp3
unit2,71,电脑,audio/unit2/071.mp3
unit2,72,电视塔,audio/unit2/072.mp3
unit2,73,东边,audio/unit2/073.mp3
unit2,74,对面,audio/unit2/074.mp3
unit2,75,房间,audio/unit2/075.mp3
unit2,76,附近,audio/unit2/076.mp3
unit2,77,公园,audio/unit2/077.mp3
unit2,78,酒店,audio/unit2/078.mp3
unit2,79,巨蛋,audio/unit2/079.mp3
unit2,80,咖啡店,audio/unit2/080.mp3
unit2,81,里,audio/unit2/081.mp3
unit2,82,里边儿,audio/unit2/082.mp3
unit2,83,那儿,audio/unit2/083.mp3
unit2,84,哪儿,audio/unit2/084.mp3
unit2,85,旁边儿,audio/unit2/085.mp3
unit2,86,前,audio/unit2/086.mp3
unit2,87,前边儿,audio/unit2/087.mp3
unit2,88,书架,audio/unit2/088.mp3
unit2,89,台,audio/unit2/089.mp3
unit2,90,外边儿,audio/unit2/090.mp3
unit2,91,小卖部,audio/unit2/091.mp3
unit2,92,洗手间,audio/unit2/092.mp3
unit2,93,钥匙,audio/unit2/093.mp3
unit2,94,银行,audio/unit2/094.mp3
unit2,95,邮局,audio/unit2/095.mp3
unit2,96,在,audio/unit2/096.mp3
unit2,97,札幌,audio/unit2/097.mp3
unit2,98,张,audio/unit2/098.mp3
unit2,99,照片,audio/unit2/099.mp3
unit2,100,这里,audio/unit2/100.mp3
unit2,101,这儿,audio/unit2/101.mp3
unit2,102,中间,audio/unit2/102.mp3
unit2,103,钟楼,audio/unit2/103.mp3
unit2,104,桌子,audio/unit2/104.mp3
unit2,105,吧,audio/unit2/105.mp3
unit2,106,半,audio/unit2/106.mp3
unit2,107,杯,audio/unit2/107.mp3
unit2,108,便利店,audio/unit2/108.mp3
unit2,109,必修,audio/unit2/109.mp3
unit2,110,参加,audio/unit2/110.mp3
unit2,111,差,audio/unit2/111.mp3
unit2,112,打工,audio/unit2/112.mp3
unit2,113,第一,audio/unit2/113.mp3
unit2,114,点,audio/unit2/114.mp3
unit2,115,分,audio/unit2/115.mp3
unit2,116,份,audio/unit2/116.mp3
unit2,117,根,audio/unit2/117.mp3
unit2,118,果汁,audio/unit2/118.mp3
unit2,119,黑,audio/unit2/119.mp3
unit2,120,煎,audio/unit2/120.mp3
unit2,121,鸡蛋,audio/unit2/121.mp3
unit2,122,节,audio/unit2/122.mp3
unit2,123,开始,audio/unit2/123.mp3
unit2,124,看,audio/unit2/124.mp3
unit2,125,刻,audio/unit2/125.mp3
unit2,126,来,audio/unit2/126.mp3
unit2,127,篮球,audio/unit2/127.mp3
unit2,128,两,audio/unit2/128.mp3
unit2,129,每天,audio/unit2/129.mp3
unit2,130,面包,audio/unit2/130.mp3
unit2,131,那么,audio/unit2/131.mp3
unit2,132,片,audio/unit2/132.mp3
unit2,133,起床,audio/unit2/133.mp3
unit2,134,沙拉,audio/unit2/134.mp3
unit2,135,上课,audio/unit2/135.mp3
unit2,136,午饭,audio/unit2/136.mp3
unit2,137,香肠,audio/unit2/137.mp3
unit2,138,下午,audio/unit2/138.mp3
unit2,139,下学,audio/unit2/139.mp3
unit2,140,休息,audio/unit2/140.mp3
unit2,141,选修,audio/unit2/141.mp3
unit2,142,以后,audio/unit2/142.mp3
unit2,143,早饭,audio/unit2/143.mp3
unit2,144,只,audio/unit2/144.mp3
unit3,1,北,audio/unit3/001.mp3
unit3,2,北京,audio/unit3/002.mp3
unit3,3,北十八条,audio/unit3/003.mp3
unit3,4,车,audio/unit3/004.mp3
unit3,5,地铁,audio/unit3/005.mp3
unit3,6,拐,audio/unit3/006.mp3
unit3,7,火车,audio/unit3/007.mp3
unit3,8,近,audio/unit3/008.mp3
unit3,9,开水,audio/unit3/009.mp3
unit3,10,烤鸭,audio/unit3/010.mp3
unit3,11,离,audio/unit3/011.mp3
unit3,12,南北线,audio/unit3/012.mp3
unit3,13,普洱茶,audio/unit3/013.mp3
unit3,14,然后,audio/unit3/014.mp3
unit3,15,十字路口,audio/unit3/015.mp3
unit3,16,往,audio/unit3/016.mp3
unit3,17,西,audio/unit3/017.mp3
unit3,18,写,audio/unit3/018.mp3
unit3,19,学校,audio/unit3/019.mp3
unit3,20,一直,audio/unit3/020.mp3
unit3,21,用,audio/unit3/021.mp3
unit3,22,右,audio/unit3/022.mp3
unit3,23,远,audio/unit3/023.mp3
unit3,24,在,audio/unit3/024.mp3
unit3,25,怎么,audio/unit3/025.mp3
unit3,26,站,audio/unit3/026.mp3
unit3,27,种,audio/unit3/027.mp3
unit3,28,走,audio/unit3/028.mp3
unit3,29,左,audio/unit3/029.mp3
unit3,30,坐,audio/unit3/030.mp3
unit3,31,百,audio/unit3/031.mp3
unit3,32,菜,audio/unit3/032.mp3
unit3,33,参考书,audio/unit3/033.mp3
unit3,34,长城,audio/unit3/034.mp3
unit3,35,的,audio/unit3/035.mp3
unit3,36,电话,audio/unit3/036.mp3
unit3,37,电影,audio/unit3/037.mp3
unit3,38,对不起,audio/unit3/038.mp3
unit3,39,告诉,audio/unit3/039.mp3
unit3,40,给,audio/unit3/040.mp3
unit3,41,公里,audio/unit3/041.mp3
unit3,42,还是,audio/unit3/042.mp3
unit3,43,号码,audio/unit3/043.mp3
unit3,44,教,audio/unit3/044.mp3
unit3,45,集会,audio/unit3/045.mp3
unit3,46,空,audio/unit3/046.mp3
unit3,47,辣,audio/unit3/047.mp3
unit3,48,面积,audio/unit3/048.mp3
unit3,49,男生,audio/unit3/049.mp3
unit3,50,女生,audio/unit3/050.mp3
unit3,51,票,audio/unit3/051.mp3
unit3,52,平方,audio/unit3/052.mp3
unit3,53,葡萄酒,audio/unit3/053.mp3
unit3,54,千,audio/unit3/054.mp3
unit3,55,人口,audio/unit3/055.mp3
unit3,56,送,audio/unit3/056.mp3
unit3,57,甜,audio/unit3/057.mp3
unit3,58,万,audio/unit3/058.mp3
unit3,59,位,audio/unit3/059.mp3
unit3,60,位子,audio/unit3/060.mp3
unit3,61,乌龙茶,audio/unit3/061.mp3
unit3,62,现在,audio/unit3/062.mp3
unit3,63,消息,audio/unit3/063.mp3
unit3,64,亿,audio/unit3/064.mp3
unit3,65,座位,audio/unit3/065.mp3
unit3,66,左右,audio/unit3/066.mp3
unit3,67,帮,audio/unit3/067.mp3
unit3,68,暴风雨,audio/unit3/068.mp3
unit3,69,报告,audio/unit3/069.mp3
unit3,70,不过,audio/unit3/070.mp3
unit3,71,不行,audio/unit3/071.mp3
unit3,72,抽,audio/unit3/072.mp3
unit3,73,达夫,audio/unit3/073.mp3
unit3,74,东西,audio/unit3/074.mp3
unit3,75,分钟,audio/unit3/075.mp3
unit3,76,会,audio/unit3/076.mp3
unit3,77,教室,audio/unit3/077.mp3
unit3,78,驾照,audio/unit3/078.mp3
unit3,79,进来,audio/unit3/079.mp3
unit3,80,酒,audio/unit3/080.mp3
unit3,81,可以,audio/unit3/081.mp3
unit3,82,厉害,audio/unit3/082.mp3
unit3,83,米,audio/unit3/083.mp3
unit3,84,能,audio/unit3/084.mp3
unit3,85,生鱼片,audio/unit3/085.mp3
unit3,86,身体,audio/unit3/086.mp3
unit3,87,舒服,audio/unit3/087.mp3
unit3,88,小玲,audio/unit3/088.mp3
unit3,89,烟,audio/unit3/089.mp3
unit3,90,英文,audio/unit3/090.mp3
unit3,91,医院,audio/unit3/091.mp3
unit3,92,游,audio/unit3/092.mp3
unit3,93,游泳,audio/unit3/093.mp3
unit3,94,字,audio/unit3/094.mp3
unit3,95,做,audio/unit3/095.mp3
unit3,96,比,audio/unit3/096.mp3
unit3,97,大,audio/unit3/097.mp3
unit3,98,高,audio/unit3/098.mp3
unit3,99,跟,audio/unit3/099.mp3
unit3,100,更,audio/unit3/100.mp3
unit3,101,个子,audio/unit3/101.mp3
unit3,102,贵,audio/unit3/102.mp3
unit3,103,和,audio/unit3/103.mp3
unit3,104,黄豆,audio/unit3/104.mp3
unit3,105,件,audio/unit3/105.mp3
unit3,106,冷,audio/unit3/106.mp3
unit3,107,了解,audio/unit3/107.mp3
unit3,108,牛肉,audio/unit3/108.mp3
unit3,109,便宜,audio/unit3/109.mp3
unit3,110,情况,audio/unit3/110.mp3
unit3,111,水平,audio/unit3/111.mp3
unit3,112,样子,audio/unit3/112.mp3
unit3,113,一点儿,audio/unit3/113.mp3
unit3,114,营养,audio/unit3/114.mp3
unit3,115,一样,audio/unit3/115.mp3
unit3,116,有点儿,audio/unit3/116.mp3
unit3,117,昨天,audio/unit3/117.mp3
unit4,1,背,audio/unit4/001.mp3
unit4,2,传统,audio/unit4/002.mp3
unit4,3,大阪,audio/unit4/003.mp3
unit4,4,打算,audio/unit4/004.mp3
unit4,5,得,audio/unit4/005.mp3
unit4,6,饿,audio/unit4/006.mp3
unit4,7,发,audio/unit4/007.mp3
unit4,8,父母,audio/unit4/008.mp3
unit4,9,复习,audio/unit4/009.mp3
unit4,10,给,audio/unit4/010.mp3
unit4,11,功夫片,audio/unit4/011.mp3
unit4,12,功课,audio/unit4/012.mp3
unit4,13,海边,audio/unit4/013.mp3
unit4,14,寒假,audio/unit4/014.mp3
unit4,15,河南,audio/unit4/015.mp3
unit4,16,后天,audio/unit4/016.mp3
unit4,17,回,audio/unit4/017.mp3
unit4,18,加班,audio/unit4/018.mp3
unit4,19,介绍,audio/unit4/019.mp3
unit4,20,句子,audio/unit4/020.mp3
unit4,21,考试,audio/unit4/021.mp3
unit4,22,老家,audio/unit4/022.mp3
unit4,23,旅游,audio/unit4/023.mp3
unit4,24,美国,audio/unit4/024.mp3
unit4,25,女儿,audio/unit4/025.mp3
unit4,26,三不沾,audio/unit4/026.mp3
unit4,27,暑假,audio/unit4/027.mp3
unit4,28,想,audio/unit4/028.mp3
unit4,29,小学,audio/unit4/029.mp3
unit4,30,要,audio/unit4/030.mp3
unit4,31,一定,audio/unit4/031.mp3
unit4,32,应该,audio/unit4/032.mp3
unit4,33,一下,audio/unit4/033.mp3
unit4,34,邮件,audio/unit4/034.mp3
unit4,35,咱们,audio/unit4/035.mp3
unit4,36,找,audio/unit4/036.mp3
unit4,37,资料,audio/unit4/037.mp3
unit4,38,巴士,audio/unit4/038.mp3
unit4,39,杯子,audio/unit4/039.mp3
unit4,40,本店,audio/unit4/040.mp3
unit4,41,部,audio/unit4/041.mp3
unit4,42,衬衫,audio/unit4/042.mp3
unit4,43,穿,audio/unit4/043.mp3
unit4,44,从,audio/unit4/044.mp3
unit4,45,大概,audio/unit4/045.mp3
unit4,46,到,audio/unit4/046.mp3
unit4,47,多长时间,audio/unit4/047.mp3
unit4,48,多高,audio/unit4/048.mp3
unit4,49,多少钱,audio/unit4/049.mp3
unit4,50,多重,audio/unit4/050.mp3
unit4,51,分,audio/unit4/051.mp3
unit4,52,付,audio/unit4/052.mp3
unit4,53,公斤,audio/unit4/053.mp3
unit4,54,光临,audio/unit4/054.mp3
unit4,55,好看,audio/unit4/055.mp3
unit4,56,盒,audio/unit4/056.mp3
unit4,57,欢迎,audio/unit4/057.mp3
unit4,58,架,audio/unit4/058.mp3
unit4,59,减肥,audio/unit4/059.mp3
unit4,60,斤,audio/unit4/060.mp3
unit4,61,块,audio/unit4/061.mp3
unit4,62,卖,audio/unit4/062.mp3
unit4,63,毛,audio/unit4/063.mp3
unit4,64,明信片,audio/unit4/064.mp3
unit4,65,苹果,audio/unit4/065.mp3
unit4,66,钱,audio/unit4/066.mp3
unit4,67,铅笔,audio/unit4/067.mp3
unit4,68,日元,audio/unit4/068.mp3
unit4,69,试,audio/unit4/069.mp3
unit4,70,石头,audio/unit4/070.mp3
unit4,71,市中心,audio/unit4/071.mp3
unit4,72,挺,audio/unit4/072.mp3
unit4,73,信用卡,audio/unit4/073.mp3
unit4,74,一共,audio/unit4/074.mp3
unit4,75,纸巾,audio/unit4/075.mp3
unit4,76,珠穆朗玛峰,audio/unit4/076.mp3
unit4,77,百货商店,audio/unit4/077.mp3
unit4,78,别,audio/unit4/078.mp3
unit4,79,不见不散,audio/unit4/079.mp3
unit4,80,不要,audio/unit4/080.mp3
unit4,81,不用,audio/unit4/081.mp3
unit4,82,茶,audio/unit4/082.mp3
unit4,83,迟到,audio/unit4/083.mp3
unit4,84,打扫,audio/unit4/084.mp3
unit4,85,大声,audio/unit4/085.mp3
unit4,86,电影院,audio/unit4/086.mp3
unit4,87,动物,audio/unit4/087.mp3
unit4,88,动物园,audio/unit4/088.mp3
unit4,89,放,audio/unit4/089.mp3
unit4,90,飞机,audio/unit4/090.mp3
unit4,91,干净,audio/unit4/091.mp3
unit4,92,急,audio/unit4/092.mp3
unit4,93,见面,audio/unit4/093.mp3
unit4,94,客气,audio/unit4/094.mp3
unit4,95,口福,audio/unit4/095.mp3
unit4,96,浪费,audio/unit4/096.mp3
unit4,97,慢慢儿,audio/unit4/097.mp3
unit4,98,起飞,audio/unit4/098.mp3
unit4,99,上班,audio/unit4/099.mp3
unit4,100,上午,audio/unit4/100.mp3
unit4,101,时,audio/unit4/101.mp3
unit4,102,时间,audio/unit4/102.mp3
unit4,103,事,audio/unit4/103.mp3
unit4,104,说话,audio/unit4/104.mp3
unit4,105,它,audio/unit4/105.mp3
unit4,106,太了,audio/unit4/106.mp3
unit4,107,糖,audio/unit4/107.mp3
unit4,108,提,audio/unit4/108.mp3
unit4,109,晚上,audio/unit4/109.mp3
unit4,110,先,audio/unit4/110.mp3
unit4,111,圆山,audio/unit4/111.mp3
unit4,112,再,audio/unit4/112.mp3
unit4,113,包,audio/unit4/113.mp3
unit4,114,表,audio/unit4/114.mp3
unit4,115,尝,audio/unit4/115.mp3
unit4,116,法律系,audio/unit4/116.mp3
unit4,117,好吃,audio/unit4/117.mp3
unit4,118,画,audio/unit4/118.mp3
unit4,119,画儿,audio/unit4/119.mp3
unit4,120,讲,audio/unit4/120.mp3
unit4,121,借,audio/unit4/121.mp3
unit4,122,进,audio/unit4/122.mp3
unit4,123,累,audio/unit4/123.mp3
unit4,124,理科,audio/unit4/124.mp3
unit4,125,买,audio/unit4/125.mp3
unit4,126,漂亮,audio/unit4/126.mp3
unit4,127,请问,audio/unit4/127.mp3
unit4,128,设计,audio/unit4/128.mp3
unit4,129,申请,audio/unit4/129.mp3
unit4,130,手绢,audio/unit4/130.mp3
unit4,131,填,audio/unit4/131.mp3
unit4,132,题目,audio/unit4/132.mp3
unit4,133,文科,audio/unit4/133.mp3
unit4,134,系,audio/unit4/134.mp3
unit4,135,县,audio/unit4/135.mp3
unit4,136,新,audio/unit4/136.mp3
unit4,137,信,audio/unit4/137.mp3
unit4,138,衣服,audio/unit4/138.mp3
unit4,139,印刷,audio/unit4/139.mp3
unit4,140,脏,audio/unit4/140.mp3
unit4,141,助学金,audio/unit4/141.mp3
unit5,1,棒球,audio/unit5/001.mp3
unit5,2,比赛,audio/unit5/002.mp3
unit5,3,次,audio/unit5/003.mp3
unit5,4,菜包,audio/unit5/004.mp3
unit5,5,茶叶蛋,audio/unit5/005.mp3
unit5,6,得,audio/unit5/006.mp3
unit5,7,队,audio/unit5/007.mp3
unit5,8,反败为胜,audio/unit5/008.mp3
unit5,9,咖喱,audio/unit5/009.mp3
unit5,10,酱汤,audio/unit5/010.mp3
unit5,11,精彩,audio/unit5/011.mp3
unit5,12,局,audio/unit5/012.mp3
unit5,13,淋浴,audio/unit5/013.mp3
unit5,14,米饭,audio/unit5/014.mp3
unit5,15,盘,audio/unit5/015.mp3
unit5,16,泡,audio/unit5/016.mp3
unit5,17,视频,audio/unit5/017.mp3
unit5,18,书店,audio/unit5/018.mp3
unit5,19,水果,audio/unit5/019.mp3
unit5,20,碗,audio/unit5/020.mp3
unit5,21,玩儿,audio/unit5/021.mp3
unit5,22,温泉,audio/unit5/022.mp3
unit5,23,小说,audio/unit5/023.mp3
unit5,24,些,audio/unit5/024.mp3
unit5,25,行,audio/unit5/025.mp3
unit5,26,洗衣机,audio/unit5/026.mp3
unit5,27,一些,audio/unit5/027.mp3
unit5,28,病,audio/unit5/028.mp3
unit5,29,不一定,audio/unit5/029.mp3
unit5,30,从来,audio/unit5/030.mp3
unit5,31,点儿,audio/unit5/031.mp3
unit5,32,汾酒,audio/unit5/032.mp3
unit5,33,该,audio/unit5/033.mp3
unit5,34,告辞,audio/unit5/034.mp3
unit5,35,过,audio/unit5/035.mp3
unit5,36,好像,audio/unit5/036.mp3
unit5,37,花茶,audio/unit5/037.mp3
unit5,38,就,audio/unit5/038.mp3
unit5,39,渴,audio/unit5/039.mp3
unit5,40,龙井茶,audio/unit5/040.mp3
unit5,41,爬,audio/unit5/041.mp3
unit5,42,扑克,audio/unit5/042.mp3
unit5,43,山,audio/unit5/043.mp3
unit5,44,什么的,audio/unit5/044.mp3
unit5,45,睡觉,audio/unit5/045.mp3
unit5,46,问,audio/unit5/046.mp3
unit5,47,问题,audio/unit5/047.mp3
unit5,48,下班,audio/unit5/048.mp3
unit5,49,已经,audio/unit5/049.mp3
unit5,50,以前,audio/unit5/050.mp3
unit5,51,早,audio/unit5/051.mp3
unit5,52,这么,audio/unit5/052.mp3
unit5,53,中午,audio/unit5/053.mp3
unit5,54,座,audio/unit5/054.mp3
unit5,55,帮忙,audio/unit5/055.mp3
unit5,56,毕业,audio/unit5/056.mp3
unit5,57,电视,audio/unit5/057.mp3
unit5,58,干,audio/unit5/058.mp3
unit5,59,个月,audio/unit5/059.mp3
unit5,60,好玩儿,audio/unit5/060.mp3
unit5,61,觉得,audio/unit5/061.mp3
unit5,62,年,audio/unit5/062.mp3
unit5,63,散步,audio/unit5/063.mp3
unit5,64,首,audio/unit5/064.mp3
unit5,65,睡,audio/unit5/065.mp3
unit5,66,天,audio/unit5/066.mp3
unit5,67,听,audio/unit5/067.mp3
unit5,68,小时,audio/unit5/068.mp3
unit5,69,一会儿,audio/unit5/069.mp3
unit5,70,音乐,audio/unit5/070.mp3
unit5,71,游戏,audio/unit5/071.mp3
unit5,72,在,audio/unit5/072.mp3
unit5,73,正,audio/unit5/073.mp3
unit5,74,整理,audio/unit5/074.mp3
unit5,75,中文,audio/unit5/075.mp3
unit5,76,爱好,audio/unit5/076.mp3
unit5,77,阿拉伯语,audio/unit5/077.mp3
unit5,78,遍,audio/unit5/078.mp3
unit5,79,除了以外,audio/unit5/079.mp3
unit5,80,戴,audio/unit5/080.mp3
unit5,81,当然,audio/unit5/081.mp3
unit5,82,大衣,audio/unit5/082.mp3
unit5,83,等,audio/unit5/083.mp3
unit5,84,迪士尼乐园,audio/unit5/084.mp3
unit5,85,汉族,audio/unit5/085.mp3
unit5,86,和服,audio/unit5/086.mp3
unit5,87,合适,audio/unit5/087.mp3
unit5,88,开心,audio/unit5/088.mp3
unit5,89,烤羊肉,audio/unit5/089.mp3
unit5,90,酷,audio/unit5/090.mp3
unit5,91,裤子,audio/unit5/091.mp3
unit5,92,鲁迅,audio/unit5/092.mp3
unit5,93,芒果冰,audio/unit5/093.mp3
unit5,94,毛衣,audio/unit5/094.mp3
unit5,95,帽子,audio/unit5/095.mp3
unit5,96,麻婆豆腐,audio/unit5/096.mp3
unit5,97,美食,audio/unit5/097.mp3
unit5,98,民族,audio/unit5/098.mp3
unit5,99,欧洲,audio/unit5/099.mp3
unit5,100,旗袍,audio/unit5/100.mp3
unit5,101,其他,audio/unit5/101.mp3
unit5,102,裙子,audio/unit5/102.mp3
unit5,103,上海,audio/unit5/103.mp3
unit5,104,少数,audio/unit5/104.mp3
unit5,105,手表,audio/unit5/105.mp3
unit5,106,手套,audio/unit5/106.mp3
unit5,107,帅,audio/unit5/107.mp3
unit5,108,涮羊肉,audio/unit5/108.mp3
unit5,109,四川,audio/unit5/109.mp3
unit5,110,趟,audio/unit5/110.mp3
unit5,111,唐装,audio/unit5/111.mp3
unit5,112,特别,audio/unit5/112.mp3
unit5,113,T恤,audio/unit5/113.mp3
unit5,114,外国,audio/unit5/114.mp3
unit5,115,午睡,audio/unit5/115.mp3
unit5,116,新郎,audio/unit5/116.mp3
unit5,117,新娘,audio/unit5/117.mp3
unit5,118,隐形眼镜,audio/unit5/118.mp3
unit5,119,着,audio/unit5/119.mp3
unit5,120,真的,audio/unit5/120.mp3
unit5,121,珍珠奶茶,audio/unit5/121.mp3
unit5,122,稚内,audio/unit5/122.mp3
unit6,1,半天,audio/unit6/001.mp3
unit6,2,操场,audio/unit6/002.mp3
unit6,3,差不多,audio/unit6/003.mp3
unit6,4,但是,audio/unit6/004.mp3
unit6,5,到,audio/unit6/005.mp3
unit6,6,法定假日,audio/unit6/006.mp3
unit6,7,放假,audio/unit6/007.mp3
unit6,8,放松,audio/unit6/008.mp3
unit6,9,干杯,audio/unit6/009.mp3
unit6,10,刚,audio/unit6/010.mp3
unit6,11,好好儿,audio/unit6/011.mp3
unit6,12,健康,audio/unit6/012.mp3
unit6,13,结婚,audio/unit6/013.mp3
unit6,14,进步,audio/unit6/014.mp3
unit6,15,就要,audio/unit6/015.mp3
unit6,16,卡拉OK,audio/unit6/016.mp3
unit6,17,快,audio/unit6/017.mp3
unit6,18,快乐,audio/unit6/018.mp3
unit6,19,离开,audio/unit6/019.mp3
unit6,20,马上,audio/unit6/020.mp3
unit6,21,年级,audio/unit6/021.mp3
unit6,22,瓶,audio/unit6/022.mp3
unit6,23,球,audio/unit6/023.mp3
unit6,24,踢,audio/unit6/024.mp3
unit6,25,网,audio/unit6/025.mp3
unit6,26,小张,audio/unit6/026.mp3
unit6,27,一路平安,audio/unit6/027.mp3
unit6,28,愉快,audio/unit6/028.mp3
unit6,29,周末,audio/unit6/029.mp3
unit6,30,住,audio/unit6/030.mp3
unit6,31,祝,audio/unit6/031.mp3
unit6,32,足球,audio/unit6/032.mp3
unit6,33,饱,audio/unit6/033.mp3
unit6,34,不但,audio/unit6/034.mp3
unit6,35,常常,audio/unit6/035.mp3
unit6,36,错,audio/unit6/036.mp3
unit6,37,带,audio/unit6/037.mp3
unit6,38,懂,audio/unit6/038.mp3
unit6,39,对,audio/unit6/039.mp3
unit6,40,而且,audio/unit6/040.mp3
unit6,41,法国,audio/unit6/041.mp3
unit6,42,方便,audio/unit6/042.mp3
unit6,43,费,audio/unit6/043.mp3
unit6,44,风,audio/unit6/044.mp3
unit6,45,刮,audio/unit6/045.mp3
unit6,46,光,audio/unit6/046.mp3
unit6,47,海鲜,audio/unit6/047.mp3
unit6,48,花,audio/unit6/048.mp3
unit6,49,还,audio/unit6/049.mp3
unit6,50,环境,audio/unit6/050.mp3
unit6,51,口音,audio/unit6/051.mp3
unit6,52,口罩,audio/unit6/052.mp3
unit6,53,雷,audio/unit6/053.mp3
unit6,54,辆,audio/unit6/054.mp3
unit6,55,面条,audio/unit6/055.mp3
unit6,56,拼音,audio/unit6/056.mp3
unit6,57,骑,audio/unit6/057.mp3
unit6,58,清楚,audio/unit6/058.mp3
unit6,59,生活,audio/unit6/059.mp3
unit6,60,蔬菜,audio/unit6/060.mp3
unit6,61,谈,audio/unit6/061.mp3
unit6,62,外面,audio/unit6/062.mp3
unit6,63,完,audio/unit6/063.mp3
unit6,64,性格,audio/unit6/064.mp3
unit6,65,新鲜,audio/unit6/065.mp3
unit6,66,雪,audio/unit6/066.mp3
unit6,67,严,audio/unit6/067.mp3
unit6,68,药店,audio/unit6/068.mp3
unit6,69,一边一边,audio/unit6/069.mp3
unit6,70,有些,audio/unit6/070.mp3
unit6,71,雨,audio/unit6/071.mp3
unit6,72,雨伞,audio/unit6/072.mp3
unit6,73,预习,audio/unit6/073.mp3
unit6,74,知道,audio/unit6/074.mp3
unit6,75,重,audio/unit6/075.mp3
unit6,76,自己,audio/unit6/076.mp3
unit6,77,作业,audio/unit6/077.mp3
unit6,78,摆,audio/unit6/078.mp3
unit6,79,出,audio/unit6/079.mp3
unit6,80,窗,audio/unit6/080.mp3
unit6,81,倒,audio/unit6/081.mp3
unit6,82,大野池,audio/unit6/082.mp3
unit6,83,冬天,audio/unit6/083.mp3
unit6,84,防滑,audio/unit6/084.mp3
unit6,85,风铃,audio/unit6/085.mp3
unit6,86,幅,audio/unit6/086.mp3
unit6,87,覆盖,audio/unit6/087.mp3
unit6,88,钢琴,audio/unit6/088.mp3
unit6,89,赶快,audio/unit6/089.mp3
unit6,90,挂,audio/unit6/090.mp3
unit6,91,还好,audio/unit6/091.mp3
unit6,92,滑,audio/unit6/092.mp3
unit6,93,滑雪,audio/unit6/093.mp3
unit6,94,回答,audio/unit6/094.mp3
unit6,95,跤,audio/unit6/095.mp3
unit6,96,楼,audio/unit6/096.mp3
unit6,97,路,audio/unit6/097.mp3
unit6,98,美,audio/unit6/098.mp3
unit6,99,起,audio/unit6/099.mp3
unit6,100,墙,audio/unit6/100.mp3
unit6,101,树,audio/unit6/101.mp3
unit6,102,摔,audio/unit6/102.mp3
unit6,103,贴,audio/unit6/103.mp3
unit6,104,夏天,audio/unit6/104.mp3
unit6,105,鞋,audio/unit6/105.mp3
unit6,106,一就,audio/unit6/106.mp3
unit6,107,银杏林荫道,audio/unit6/107.mp3
unit6,108,又,audio/unit6/108.mp3
unit6,109,越来越,audio/unit6/109.mp3
unit6,110,越越,audio/unit6/110.mp3
unit6,111,站,audio/unit6/111.mp3
unit6,112,种,audio/unit6/112.mp3
unit6,113,把,audio/unit6/113.mp3
unit6,114,草莓,audio/unit6/114.mp3
unit6,115,炒,audio/unit6/115.mp3
unit6,116,超市,audio/unit6/116.mp3
unit6,117,蛋糕,audio/unit6/117.mp3
unit6,118,道,audio/unit6/118.mp3
unit6,119,打伞,audio/unit6/119.mp3
unit6,120,对了,audio/unit6/120.mp3
unit6,121,高中,audio/unit6/121.mp3
unit6,122,哈哈哈,audio/unit6/122.mp3
unit6,123,简单,audio/unit6/123.mp3
unit6,124,烤羊排,audio/unit6/124.mp3
unit6,125,连,audio/unit6/125.mp3
unit6,126,拿,audio/unit6/126.mp3
unit6,127,哪一年,audio/unit6/127.mp3
unit6,128,切,audio/unit6/128.mp3
unit6,129,青椒肉丝,audio/unit6/129.mp3
unit6,130,什么时候,audio/unit6/130.mp3
unit6,131,时候,audio/unit6/131.mp3
unit6,132,唐吉诃德,audio/unit6/132.mp3
unit6,133,题,audio/unit6/133.mp3
unit6,134,调料,audio/unit6/134.mp3
unit6,135,停,audio/unit6/135.mp3
unit6,136,停车场,audio/unit6/136.mp3
unit6,137,哇,audio/unit6/137.mp3
unit6,138,屋,audio/unit6/138.mp3
unit6,139,西红柿,audio/unit6/139.mp3
unit6,140,蘸,audio/unit6/140.mp3
unit7,1,哎呀,audio/unit7/001.mp3
unit7,2,办法,audio/unit7/002.mp3
unit7,3,不了,audio/unit7/003.mp3
unit7,4,不起,audio/unit7/004.mp3
unit7,5,传说,audio/unit7/005.mp3
unit7,6,打包,audio/unit7/006.mp3
unit7,7,得多,audio/unit7/007.mp3
unit7,8,地方,audio/unit7/008.mp3
unit7,9,肚子,audio/unit7/009.mp3
unit7,10,刚才,audio/unit7/010.mp3
unit7,11,估计,audio/unit7/011.mp3
unit7,12,还是,audio/unit7/012.mp3
unit7,13,汉堡,audio/unit7/013.mp3
unit7,14,函馆,audio/unit7/014.mp3
unit7,15,河,audio/unit7/015.mp3
unit7,16,厚,audio/unit7/016.mp3
unit7,17,极了,audio/unit7/017.mp3
unit7,18,景点,audio/unit7/018.mp3
unit7,19,绝对,audio/unit7/019.mp3
unit7,20,可能,audio/unit7/020.mp3
unit7,21,口语,audio/unit7/021.mp3
unit7,22,来不及,audio/unit7/022.mp3
unit7,23,流利,audio/unit7/023.mp3
unit7,24,留学,audio/unit7/024.mp3
unit7,25,没事,audio/unit7/025.mp3
unit7,26,嗯,audio/unit7/026.mp3
unit7,27,确实,audio/unit7/027.mp3
unit7,28,商品,audio/unit7/028.mp3
unit7,29,死,audio/unit7/029.mp3
unit7,30,疼,audio/unit7/030.mp3
unit7,31,味道,audio/unit7/031.mp3
unit7,32,文章,audio/unit7/032.mp3
unit7,33,药,audio/unit7/033.mp3
unit7,34,有名,audio/unit7/034.mp3
unit7,35,月亮,audio/unit7/035.mp3
unit7,36,怎么了,audio/unit7/036.mp3
unit7,37,终于,audio/unit7/037.mp3
unit7,38,猪肉,audio/unit7/038.mp3
unit7,39,总是,audio/unit7/039.mp3
unit7,40,班,audio/unit7/040.mp3
unit7,41,编,audio/unit7/041.mp3
unit7,42,不好意思,audio/unit7/042.mp3
unit7,43,才,audio/unit7/043.mp3
unit7,44,曾经,audio/unit7/044.mp3
unit7,45,测验,audio/unit7/045.mp3
unit7,46,差,audio/unit7/046.mp3
unit7,47,差不多,audio/unit7/047.mp3
unit7,48,得,audio/unit7/048.mp3
unit7,49,短期,audio/unit7/049.mp3
unit7,50,堵车,audio/unit7/050.mp3
unit7,51,翻译,audio/unit7/051.mp3
unit7,52,怪不得,audio/unit7/052.mp3
unit7,53,关系,audio/unit7/053.mp3
unit7,54,过,audio/unit7/054.mp3
unit7,55,过奖,audio/unit7/055.mp3
unit7,56,故事,audio/unit7/056.mp3
unit7,57,简直,audio/unit7/057.mp3
unit7,58,教授,audio/unit7/058.mp3
unit7,59,节目,audio/unit7/059.mp3
unit7,60,继续,audio/unit7/060.mp3
unit7,61,考,audio/unit7/061.mp3
unit7,62,克拉克,audio/unit7/062.mp3
unit7,63,快,audio/unit7/063.mp3
unit7,64,马马虎虎,audio/unit7/064.mp3
unit7,65,美国,audio/unit7/065.mp3
unit7,66,明白,audio/unit7/066.mp3
unit7,67,内容,audio/unit7/067.mp3
unit7,68,努力,audio/unit7/068.mp3
unit7,69,哦,audio/unit7/069.mp3
unit7,70,跑,audio/unit7/070.mp3
unit7,71,乒乓球,audio/unit7/071.mp3
unit7,72,前天,audio/unit7/072.mp3
unit7,73,谦虚,audio/unit7/073.mp3
unit7,74,其实,audio/unit7/074.mp3
unit7,75,弹,audio/unit7/075.mp3
unit7,76,跳舞,audio/unit7/076.mp3
unit7,77,听说,audio/unit7/077.mp3
unit7,78,晚,audio/unit7/078.mp3
unit7,79,戏,audio/unit7/079.mp3
unit7,80,演,audio/unit7/080.mp3
unit7,81,一般,audio/unit7/081.mp3
unit7,82,按时,audio/unit7/082.mp3
unit7,83,成绩,audio/unit7/083.mp3
unit7,84,出差,audio/unit7/084.mp3
unit7,85,从小,audio/unit7/085.mp3
unit7,86,的话,audio/unit7/086.mp3
unit7,87,电视剧,audio/unit7/087.mp3
unit7,88,店员,audio/unit7/088.mp3
unit7,89,动漫,audio/unit7/089.mp3
unit7,90,兜风,audio/unit7/090.mp3
unit7,91,发言,audio/unit7/091.mp3
unit7,92,感冒,audio/unit7/092.mp3
unit7,93,感想,audio/unit7/093.mp3
unit7,94,国际,audio/unit7/094.mp3
unit7,95,故障,audio/unit7/095.mp3
unit7,96,坏,audio/unit7/096.mp3
unit7,97,滑雪场,audio/unit7/097.mp3
unit7,98,活动,audio/unit7/098.mp3
unit7,99,经常,audio/unit7/099.mp3
unit7,100,久等,audio/unit7/100.mp3
unit7,101,举手,audio/unit7/101.mp3
unit7,102,领导,audio/unit7/102.mp3
unit7,103,遛狗,audio/unit7/103.mp3
unit7,104,满意,audio/unit7/104.mp3
unit7,105,女朋友,audio/unit7/105.mp3
unit7,106,让,audio/unit7/106.mp3
unit7,107,如果,audio/unit7/107.mp3
unit7,108,《三国演义》,audio/unit7/108.mp3
unit7,109,试验,audio/unit7/109.mp3
unit7,110,所以,audio/unit7/110.mp3
unit7,111,体育,audio/unit7/111.mp3
unit7,112,外出,audio/unit7/112.mp3
unit7,113,完成,audio/unit7/113.mp3
unit7,114,为什么,audio/unit7/114.mp3
unit7,115,选,audio/unit7/115.mp3
unit7,116,要是,audio/unit7/116.mp3
unit7,117,意见,audio/unit7/117.mp3
unit7,118,因为,audio/unit7/118.mp3
unit7,119,医生,audio/unit7/119.mp3
unit7,120,直说,audio/unit7/120.mp3
unit7,121,自我,audio/unit7/121.mp3
unit7,122,报警,audio/unit7/122.mp3
unit7,123,被,audio/unit7/123.mp3
unit7,124,饼干,audio/unit7/124.mp3
unit7,125,顿,audio/unit7/125.mp3
unit7,126,干脆,audio/unit7/126.mp3
unit7,127,困难,audio/unit7/127.mp3
unit7,128,老李,audio/unit7/128.mp3
unit7,129,难道,audio/unit7/129.mp3
unit7,130,弄坏,audio/unit7/130.mp3
unit7,131,偶然,audio/unit7/131.mp3
unit7,132,批评,audio/unit7/132.mp3
unit7,133,扔掉,audio/unit7/133.mp3
unit7,134,逃避,audio/unit7/134.mp3
unit7,135,偷,audio/unit7/135.mp3
unit7,136,洗,audio/unit7/136.mp3
unit7,137,修理,audio/unit7/137.mp3
unit7,138,鱼,audio/unit7/138.mp3
unit7,139,怎么办,audio/unit7/139.mp3
